{"base_lr": 1.9613655770513682e-06, "lr": 1.9613655770513682e-06, "data_time": 0.03477740287780762, "loss": NaN, "decode.loss_corruption": NaN, "decode.loss_ce": 0.0, "time": 0.05976047515869141, "iter": 50, "memory": 2600, "step": 50}
