{"base_lr": 1.634471314209473e-05, "lr": 1.634471314209473e-05, "data_time": 0.004962921142578125, "loss": 0.15580906718969345, "decode.loss_corruption": 0.07951084226369858, "decode.loss_ce": 0.07629822380840778, "time": 0.5612004518508911, "iter": 50, "memory": 6341, "step": 50}
{"base_lr": 3.302248165443629e-05, "lr": 3.302248165443629e-05, "data_time": 0.0049124002456665036, "loss": 0.042825817316770556, "decode.loss_corruption": 0.04080717675387859, "decode.loss_ce": 0.0020186401194223435, "time": 0.5577902317047119, "iter": 100, "memory": 3933, "step": 100}
{"base_lr": 4.970025016677784e-05, "lr": 4.970025016677784e-05, "data_time": 0.005497455596923828, "loss": 0.03199344594031572, "decode.loss_corruption": 0.031927694007754324, "decode.loss_ce": 6.575205770786852e-05, "time": 0.5662448406219482, "iter": 150, "memory": 3933, "step": 150}
{"base_lr": 6.637801867911937e-05, "lr": 6.637801867911937e-05, "data_time": 0.005135774612426758, "loss": 0.03751876223832369, "decode.loss_corruption": 0.034196891076862815, "decode.loss_ce": 0.0033218712109373883, "time": 0.5535207509994506, "iter": 200, "memory": 3933, "step": 200}
{"base_lr": 8.30557871914609e-05, "lr": 8.30557871914609e-05, "data_time": 0.005086755752563477, "loss": 0.03911720588803291, "decode.loss_corruption": 0.03772478085011244, "decode.loss_ce": 0.0013924249302363022, "time": 0.553761100769043, "iter": 250, "memory": 3933, "step": 250}
{"base_lr": 9.973355570380234e-05, "lr": 9.973355570380234e-05, "data_time": 0.0050255775451660155, "loss": 0.03651943039149046, "decode.loss_corruption": 0.03026508241891861, "decode.loss_ce": 0.006254347859066911, "time": 0.5537851095199585, "iter": 300, "memory": 3933, "step": 300}
{"base_lr": 0.00011641132421614392, "lr": 0.00011641132421614392, "data_time": 0.005286359786987304, "loss": 0.0389499843120575, "decode.loss_corruption": 0.03535854294896126, "decode.loss_ce": 0.0035914415755541997, "time": 0.5537009000778198, "iter": 350, "memory": 3933, "step": 350}
{"base_lr": 0.00013308909272848548, "lr": 0.00013308909272848548, "data_time": 0.005139064788818359, "loss": 0.03070708867162466, "decode.loss_corruption": 0.02913169376552105, "decode.loss_ce": 0.0015753949221107178, "time": 0.5518105745315551, "iter": 400, "memory": 3933, "step": 400}
{"base_lr": 0.00014976686124082704, "lr": 0.00014976686124082704, "data_time": 0.005463027954101562, "loss": 0.0333268228918314, "decode.loss_corruption": 0.02984117707237601, "decode.loss_ce": 0.0034856461716117337, "time": 0.5522265672683716, "iter": 450, "memory": 3933, "step": 450}
{"base_lr": 0.00016644462975316855, "lr": 0.00016644462975316855, "data_time": 0.005190587043762207, "loss": 0.03410204825922847, "decode.loss_corruption": 0.0333422863855958, "decode.loss_ce": 0.0007597620016895235, "time": 0.5519532203674317, "iter": 500, "memory": 3933, "step": 500}
{"base_lr": 0.0001831223982655101, "lr": 0.0001831223982655101, "data_time": 0.004849958419799805, "loss": 0.045573269762098786, "decode.loss_corruption": 0.031320017762482166, "decode.loss_ce": 0.014253253070637583, "time": 0.5501181364059449, "iter": 550, "memory": 3933, "step": 550}
{"base_lr": 0.0001998001667778516, "lr": 0.0001998001667778516, "data_time": 0.004876637458801269, "loss": 0.035719641204923394, "decode.loss_corruption": 0.029858128540217875, "decode.loss_ce": 0.0058615127054508775, "time": 0.5509713888168335, "iter": 600, "memory": 3933, "step": 600}
{"base_lr": 0.00021647793529019322, "lr": 0.00021647793529019322, "data_time": 0.0052575826644897464, "loss": 0.03656798359006643, "decode.loss_corruption": 0.028784969821572304, "decode.loss_ce": 0.007783013256266713, "time": 0.5498611211776734, "iter": 650, "memory": 3933, "step": 650}
{"base_lr": 0.00023315570380253483, "lr": 0.00023315570380253483, "data_time": 0.005477786064147949, "loss": 0.04221383109688759, "decode.loss_corruption": 0.033269637078046796, "decode.loss_ce": 0.00894419380929321, "time": 0.5500572919845581, "iter": 700, "memory": 3933, "step": 700}
{"base_lr": 0.0002498334723148765, "lr": 0.0002498334723148765, "data_time": 0.005759382247924804, "loss": 0.04516258630901575, "decode.loss_corruption": 0.03606693278998137, "decode.loss_ce": 0.009095654031261802, "time": 0.5496909618377686, "iter": 750, "memory": 3933, "step": 750}
{"base_lr": 0.00026651124082721796, "lr": 0.00026651124082721796, "data_time": 0.0053692817687988285, "loss": 0.04273164551705122, "decode.loss_corruption": 0.03400183841586113, "decode.loss_ce": 0.008729806914925576, "time": 0.5502347469329834, "iter": 800, "memory": 3933, "step": 800}
{"base_lr": 0.0002831890093395594, "lr": 0.0002831890093395594, "data_time": 0.005489897727966308, "loss": 0.03573243264108896, "decode.loss_corruption": 0.030062103644013405, "decode.loss_ce": 0.005670329200802371, "time": 0.5504013538360596, "iter": 850, "memory": 3933, "step": 850}
{"base_lr": 0.00029986677785190054, "lr": 0.00029986677785190054, "data_time": 0.005618858337402344, "loss": 0.04062741193920374, "decode.loss_corruption": 0.029145774338394402, "decode.loss_ce": 0.011481637228280306, "time": 0.5495904922485352, "iter": 900, "memory": 3933, "step": 900}
{"base_lr": 0.0003165445463642419, "lr": 0.0003165445463642419, "data_time": 0.005255842208862304, "loss": 0.04582017473876476, "decode.loss_corruption": 0.029193356074392794, "decode.loss_ce": 0.016626818547956647, "time": 0.5494898796081543, "iter": 950, "memory": 3933, "step": 950}
{"base_lr": 0.0003332223148765838, "lr": 0.0003332223148765838, "data_time": 0.005362129211425782, "loss": 0.04759851805865765, "decode.loss_corruption": 0.02895036628469825, "decode.loss_ce": 0.018648151122033597, "time": 0.5498346328735352, "iter": 1000, "memory": 3933, "step": 1000}
{"base_lr": 0.00034990008338892526, "lr": 0.00034990008338892526, "data_time": 0.0053849458694458004, "loss": 0.029321258701384068, "decode.loss_corruption": 0.025912358518689872, "decode.loss_ce": 0.0034089007320289967, "time": 0.5501170635223389, "iter": 1050, "memory": 3933, "step": 1050}
{"base_lr": 0.0003665778519012668, "lr": 0.0003665778519012668, "data_time": 0.0053463935852050785, "loss": 0.0507649740204215, "decode.loss_corruption": 0.028437066543847322, "decode.loss_ce": 0.022327907360158862, "time": 0.5499157428741455, "iter": 1100, "memory": 3933, "step": 1100}
{"base_lr": 0.0003832556204136082, "lr": 0.0003832556204136082, "data_time": 0.005739092826843262, "loss": 0.047107128985226156, "decode.loss_corruption": 0.03136219009757042, "decode.loss_ce": 0.015744939260184766, "time": 0.5495449066162109, "iter": 1150, "memory": 3933, "step": 1150}
{"base_lr": 0.0003999333889259496, "lr": 0.0003999333889259496, "data_time": 0.005639958381652832, "loss": 0.02830919101834297, "decode.loss_corruption": 0.02232330422848463, "decode.loss_ce": 0.005985887080896646, "time": 0.5498371601104737, "iter": 1200, "memory": 3933, "step": 1200}
{"base_lr": 0.00041661115743829076, "lr": 0.00041661115743829076, "data_time": 0.006039476394653321, "loss": 0.03158738659694791, "decode.loss_corruption": 0.02212414350360632, "decode.loss_ce": 0.009463242418132723, "time": 0.5502875566482544, "iter": 1250, "memory": 3933, "step": 1250}
{"base_lr": 0.00043328892595063197, "lr": 0.00043328892595063197, "data_time": 0.00548546314239502, "loss": 0.042403674125671385, "decode.loss_corruption": 0.02605614932253957, "decode.loss_ce": 0.016347525641322136, "time": 0.5499634265899658, "iter": 1300, "memory": 3933, "step": 1300}
{"base_lr": 0.0004499666944629734, "lr": 0.0004499666944629734, "data_time": 0.005183577537536621, "loss": 0.036469712294638156, "decode.loss_corruption": 0.02460597325116396, "decode.loss_ce": 0.011863739090040326, "time": 0.564813494682312, "iter": 1350, "memory": 3933, "step": 1350}
{"base_lr": 0.0004666444629753152, "lr": 0.0004666444629753152, "data_time": 0.005519199371337891, "loss": 0.04957691989839077, "decode.loss_corruption": 0.0276466554030776, "decode.loss_ce": 0.021930263936519624, "time": 0.556525182723999,