{"base_lr": 1.6344713142094728e-06, "lr": 1.6344713142094728e-06, "data_time": 0.007023811340332031, "loss": 0.15532827973365784, "decode.loss_corruption": 0.09768100976943969, "decode.loss_ce": 0.05764727033674717, "time": 0.3223978757858276, "iter": 50, "memory": 12235, "step": 50}
{"base_lr": 3.3022481654436293e-06, "lr": 3.3022481654436293e-06, "data_time": 0.005315375328063965, "loss": 0.08666201457381248, "decode.loss_corruption": 0.07285842448472976, "decode.loss_ce": 0.013803589530289173, "time": 0.5648802518844604, "iter": 100, "memory": 3933, "step": 100}
{"base_lr": 4.970025016677788e-06, "lr": 4.970025016677788e-06, "data_time": 0.004962325096130371, "loss": 0.06630283147096634, "decode.loss_corruption": 0.06214209496974945, "decode.loss_ce": 0.0041607368155382575, "time": 0.5576635599136353, "iter": 150, "memory": 3933, "step": 150}
{"base_lr": 6.637801867911948e-06, "lr": 6.637801867911948e-06, "data_time": 0.005277562141418457, "loss": 0.05831059254705906, "decode.loss_corruption": 0.05423284471035004, "decode.loss_ce": 0.004077748133568093, "time": 0.5643059730529785, "iter": 200, "memory": 3933, "step": 200}
{"base_lr": 8.305578719146106e-06, "lr": 8.305578719146106e-06, "data_time": 0.0056199789047241214, "loss": 0.045933226868510244, "decode.loss_corruption": 0.04350822605192661, "decode.loss_ce": 0.002425000676885247, "time": 0.5536002874374389, "iter": 250, "memory": 3933, "step": 250}
{"base_lr": 9.973355570380264e-06, "lr": 9.973355570380264e-06, "data_time": 0.004993700981140136, "loss": 0.042856736853718755, "decode.loss_corruption": 0.040026532113552095, "decode.loss_ce": 0.0028302051265200133, "time": 0.5542178630828858, "iter": 300, "memory": 3933, "step": 300}
{"base_lr": 1.164113242161444e-05, "lr": 1.164113242161444e-05, "data_time": 0.005338716506958008, "loss": 0.03761303275823593, "decode.loss_corruption": 0.03727232329547405, "decode.loss_ce": 0.0003407095129659865, "time": 0.5543769121170044, "iter": 350, "memory": 3933, "step": 350}
{"base_lr": 1.3308909272848601e-05, "lr": 1.3308909272848601e-05, "data_time": 0.004961848258972168, "loss": 0.0391501234844327, "decode.loss_corruption": 0.037640393152832984, "decode.loss_ce": 0.0015097303839866072, "time": 0.5536081075668335, "iter": 400, "memory": 3933, "step": 400}
{"base_lr": 1.4976686124082768e-05, "lr": 1.4976686124082768e-05, "data_time": 0.005772614479064941, "loss": 0.03604870103299618, "decode.loss_corruption": 0.03504512272775173, "decode.loss_ce": 0.0010035783794592134, "time": 0.5517374277114868, "iter": 450, "memory": 3933, "step": 450}
{"base_lr": 1.6644462975316916e-05, "lr": 1.6644462975316916e-05, "data_time": 0.005136013031005859, "loss": 0.03523286730051041, "decode.loss_corruption": 0.033214105293154716, "decode.loss_ce": 0.0020187619491480293, "time": 0.5525917291641236, "iter": 500, "memory": 3933, "step": 500}
{"base_lr": 1.831223982655107e-05, "lr": 1.831223982655107e-05, "data_time": 0.005083608627319336, "loss": 0.031120140850543977, "decode.loss_corruption": 0.028929568361490965, "decode.loss_ce": 0.00219057243084535, "time": 0.5521758556365967, "iter": 550, "memory": 3933, "step": 550}
{"base_lr": 1.998001667778522e-05, "lr": 1.998001667778522e-05, "data_time": 0.005265331268310547, "loss": 0.04220376089215279, "decode.loss_corruption": 0.034524860046803954, "decode.loss_ce": 0.0076789006474427875, "time": 0.5503865718841553, "iter": 600, "memory": 3933, "step": 600}
{"base_lr": 2.1647793529019368e-05, "lr": 2.1647793529019368e-05, "data_time": 0.0054034233093261715, "loss": 0.037539489939808844, "decode.loss_corruption": 0.036289730668067934, "decode.loss_ce": 0.0012497592164436356, "time": 0.5516481399536133, "iter": 650, "memory": 3933, "step": 650}
{"base_lr": 2.3315570380253526e-05, "lr": 2.3315570380253526e-05, "data_time": 0.005173802375793457, "loss": 0.037233681231737134, "decode.loss_corruption": 0.031209459342062474, "decode.loss_ce": 0.006024221761617809, "time": 0.5499534845352173, "iter": 700, "memory": 3933, "step": 700}
{"base_lr": 2.4983347231487695e-05, "lr": 2.4983347231487695e-05, "data_time": 0.005564260482788086, "loss": 0.034240874089300634, "decode.loss_corruption": 0.033210308849811555, "decode.loss_ce": 0.0010305651841918007, "time": 0.5503369331359863, "iter": 750, "memory": 3933, "step": 750}
{"base_lr": 2.6651124082721863e-05, "lr": 2.6651124082721863e-05, "data_time": 0.005361700057983398, "loss": 0.029663481190800665, "decode.loss_corruption": 0.02724427068606019, "decode.loss_ce": 0.0024192104290705176, "time": 0.5498286247253418, "iter": 800, "memory": 3933, "step": 800}
{"base_lr": 2.8318900933956008e-05, "lr": 2.8318900933956008e-05, "data_time": 0.005094289779663086, "loss": 0.03344160299748182, "decode.loss_corruption": 0.029292608238756658, "decode.loss_ce": 0.004148994653951377, "time": 0.5503757238388062, "iter": 850, "memory": 3933, "step": 850}
{"base_lr": 2.9986677785190143e-05, "lr": 2.9986677785190143e-05, "data_time": 0.0054412841796875, "loss": 0.030023291986435652, "decode.loss_corruption": 0.02761495402082801, "decode.loss_ce": 0.002408338069653837, "time": 0.5505669832229614, "iter": 900, "memory": 3933, "step": 900}
{"base_lr": 3.1654454636424284e-05, "lr": 3.1654454636424284e-05, "data_time": 0.005499887466430664, "loss": 0.038769799657166, "decode.loss_corruption": 0.033953350596129896, "decode.loss_ce": 0.004816449491772801, "time": 0.5498056173324585, "iter": 950, "memory": 3933, "step": 950}
{"base_lr": 3.3322231487658466e-05, "lr": 3.3322231487658466e-05, "data_time": 0.005173301696777344, "loss": 0.030505331978201867, "decode.loss_corruption": 0.028610073402523993, "decode.loss_ce": 0.0018952585334773176, "time": 0.5502025604248046, "iter": 1000, "memory": 3933, "step": 1000}
{"base_lr": 3.499000833889265e-05, "lr": 3.499000833889265e-05, "data_time": 0.00528256893157959, "loss": 0.03488336279988289, "decode.loss_corruption": 0.029407182708382607, "decode.loss_ce": 0.005476180068217218, "time": 0.5496296167373658, "iter": 1050, "memory": 3933, "step": 1050}
{"base_lr": 3.6657785190126796e-05, "lr": 3.6657785190126796e-05, "data_time": 0.0053598880767822266, "loss": 0.0384011703543365, "decode.loss_corruption": 0.03181826584041118, "decode.loss_ce": 0.006582904062815942, "time": 0.5503568887710572, "iter": 1100, "memory": 3933, "step": 1100}
{"base_lr": 3.832556204136094e-05, "lr": 3.832556204136094e-05, "data_time": 0.00553288459777832, "loss": 0.038852478563785556, "decode.loss_corruption": 0.031229669600725173, "decode.loss_ce": 0.007622808858286589, "time": 0.5498737573623658, "iter": 1150, "memory": 3933, "step": 1150}
{"base_lr": 3.999333889259508e-05, "lr": 3.999333889259508e-05, "data_time": 0.005264663696289062, "loss": 0.03918039873242378, "decode.loss_corruption": 0.0303243950009346, "decode.loss_ce": 0.00885600345209241, "time": 0.5498391628265381, "iter": 1200, "memory": 3933, "step": 1200}
{"base_lr": 4.1661115743829194e-05, "lr": 4.1661115743829194e-05, "data_time": 0.0054389238357543945, "loss": 0.05300293136388064, "decode.loss_corruption": 0.032376591861248014, "decode.loss_ce": 0.020626339269801973, "time": 0.549893832206726, "iter": 1250, "memory": 3933, "step": 1250}
{"base_lr": 4.332889259506333e-05, "lr": 4.332889259506333e-05, "data_time": 0.005516314506530761, "loss": 0.028850006870925426, "decode.loss_corruption": 0.025334555096924304, "decode.loss_ce": 0.003515452076680958, "time": 0.5505586624145508, "iter": 1300, "memory": 3933, "step": 1300}
{"base_lr": 4.499666944629746e-05, "lr": 4.499666944629746e-05, "data_time": 0.005406403541564941, "loss": 0.04521687589585781, "decode.loss_corruption": 0.0315092146396637, "decode.loss_ce": 0.013707660837098956, "time": 0.5502078056335449, "iter": 1350, "memory": 3933, "step": 1350}
{"base_lr": 4.6664446297531625e-05, "lr": 4.6664446297531625e-05, "data_time": 0.00525057315826416, "loss": 0.029994173720479012, "decode.loss_corruption": 0.025978774577379227, "decode.loss_ce": 0.004015399701893329,