{"base_lr": 1.60111577718479e-06, "lr": 1.60111577718479e-06, "data_time": 0.009807825088500977, "loss": 0.07518821582198143, "decode.loss_corruption": 0.06874149888753892, "decode.loss_ce": 0.006446717469953, "time": 0.24308152198791505, "iter": 49, "memory": 15945, "step": 49}
{"base_lr": 1.6344713142094728e-06, "lr": 1.6344713142094728e-06, "data_time": 0.00998251438140869, "loss": 0.07523993626236916, "decode.loss_corruption": 0.06861172243952751, "decode.loss_ce": 0.006628214591182768, "time": 0.24355287551879884, "iter": 50, "memory": 7736, "step": 50}
{"base_lr": 3.3022481654436293e-06, "lr": 3.3022481654436293e-06, "data_time": 0.009292125701904297, "loss": 0.057888077944517134, "decode.loss_corruption": 0.0561594195663929, "decode.loss_ce": 0.0017286582457018084, "time": 0.2346581220626831, "iter": 100, "memory": 7736, "step": 100}
{"base_lr": 4.970025016677788e-06, "lr": 4.970025016677788e-06, "data_time": 0.00976998805999756, "loss": 0.04977257736027241, "decode.loss_corruption": 0.04832102917134762, "decode.loss_ce": 0.0014515478629618882, "time": 0.23842096328735352, "iter": 150, "memory": 7736, "step": 150}
{"base_lr": 6.637801867911948e-06, "lr": 6.637801867911948e-06, "data_time": 0.010443496704101562, "loss": 0.04026061929762363, "decode.loss_corruption": 0.03823850266635418, "decode.loss_ce": 0.002022116963053122, "time": 0.2710641145706177, "iter": 200, "memory": 7736, "step": 200}
{"base_lr": 8.305578719146106e-06, "lr": 8.305578719146106e-06, "data_time": 0.010185050964355468, "loss": 0.03912613168358803, "decode.loss_corruption": 0.038010676950216295, "decode.loss_ce": 0.0011154550098581239, "time": 0.6143085718154907, "iter": 250, "memory": 7736, "step": 250}
