{"base_lr": 1.9613655770513682e-06, "lr": 1.9613655770513682e-06, "data_time": 0.08574962615966797, "loss": 0.2830651581287384, "decode.loss_corruption": 0.11217970252037049, "decode.loss_ce": 0.17088545188307763, "time": 0.12345733642578124, "iter": 50, "memory": 9451, "step": 50}
{"base_lr": 3.962697798532355e-06, "lr": 3.962697798532355e-06, "data_time": 0.0784066915512085, "loss": 0.17035561800003052, "decode.loss_corruption": 0.08839377537369728, "decode.loss_ce": 0.0819618422538042, "time": 0.1156360387802124, "iter": 100, "memory": 1122, "step": 100}
{"base_lr": 5.964030020013346e-06, "lr": 5.964030020013346e-06, "data_time": 0.07041444778442382, "loss": 0.09748382046818733, "decode.loss_corruption": 0.06831257864832878, "decode.loss_ce": 0.029171243683958892, "time": 0.10777003765106201, "iter": 150, "memory": 1122, "step": 150}
{"base_lr": 7.965362241494336e-06, "lr": 7.965362241494336e-06, "data_time": 0.06354410648345947, "loss": 0.06214282400906086, "decode.loss_corruption": 0.05748684778809547, "decode.loss_ce": 0.00465597677975893, "time": 0.10072660446166992, "iter": 200, "memory": 1122, "step": 200}
{"base_lr": 9.96669446297533e-06, "lr": 9.96669446297533e-06, "data_time": 0.07508261203765869, "loss": 0.04824253357946873, "decode.loss_corruption": 0.04509647078812122, "decode.loss_ce": 0.0031460633559618144, "time": 0.11291751861572266, "iter": 250, "memory": 1122, "step": 250}
