{"base_lr": 0.0016011157771847909, "lr": 0.0016011157771847909, "data_time": 0.010105729103088379, "loss": 0.03228568825870752, "decode.loss_corruption": 0.03228568825870752, "decode.loss_ce": 0.0, "time": 0.23836119174957277, "iter": 49, "memory": 15945, "step": 49}
{"base_lr": 0.001634471314209474, "lr": 0.001634471314209474, "data_time": 0.010267972946166992, "loss": 0.030527091398835183, "decode.loss_corruption": 0.030527091398835183, "decode.loss_ce": 0.0, "time": 0.23524808883666992, "iter": 50, "memory": 7680, "step": 50}
{"base_lr": 0.003302248165443634, "lr": 0.003302248165443634, "data_time": 0.016711878776550292, "loss": 0.035719409584999084, "decode.loss_corruption": 0.035468621924519536, "decode.loss_ce": 0.0002507875091396272, "time": 0.28563671112060546, "iter": 100, "memory": 7680, "step": 100}
{"base_lr": 0.004970025016677795, "lr": 0.004970025016677795, "data_time": 0.009671950340270996, "loss": 0.027588866557925938, "decode.loss_corruption": 0.027588866557925938, "decode.loss_ce": 0.0, "time": 0.2336120367050171, "iter": 150, "memory": 7680, "step": 150}
