{"base_lr": 1.9613655770513682e-06, "lr": 1.9613655770513682e-06, "data_time": 0.005179929733276367, "loss": 0.1455286040902138, "decode.loss_corruption": 0.10249693170189858, "decode.loss_ce": 0.043031671084463596, "time": 0.12373042106628418, "iter": 50, "memory": 12235, "step": 50}
{"base_lr": 3.962697798532355e-06, "lr": 3.962697798532355e-06, "data_time": 0.006520509719848633, "loss": NaN, "decode.loss_corruption": NaN, "decode.loss_ce": 0.0, "time": 0.12608673572540283, "iter": 100, "memory": 3933, "step": 100}
{"base_lr": 5.964030020013346e-06, "lr": 5.964030020013346e-06, "data_time": 0.0049932003021240234, "loss": NaN, "decode.loss_corruption": NaN, "decode.loss_ce": 0.0, "time": 0.11937913894653321, "iter": 150, "memory": 3933, "step": 150}
{"base_lr": 7.965362241494336e-06, "lr": 7.965362241494336e-06, "data_time": 0.005723094940185547, "loss": NaN, "decode.loss_corruption": NaN, "decode.loss_ce": 0.0, "time": 0.12207174301147461, "iter": 200, "memory": 3933, "step": 200}
{"base_lr": 9.96669446297533e-06, "lr": 9.96669446297533e-06, "data_time": 0.005658555030822754, "loss": NaN, "decode.loss_corruption": NaN, "decode.loss_ce": 0.0, "time": 0.12127993106842042, "iter": 250, "memory": 3933, "step": 250}
{"base_lr": 1.1968026684456319e-05, "lr": 1.1968026684456319e-05, "data_time": 0.00616145133972168, "loss": NaN, "decode.loss_corruption": NaN, "decode.loss_ce": 0.0, "time": 0.12330636978149415, "iter": 300, "memory": 3933, "step": 300}
{"base_lr": 1.3969358905937323e-05, "lr": 1.3969358905937323e-05, "data_time": 0.005593299865722656, "loss": NaN, "decode.loss_corruption": NaN, "decode.loss_ce": 0.0, "time": 0.12071223258972168, "iter": 350, "memory": 3933, "step": 350}
{"base_lr": 1.597069112741831e-05, "lr": 1.597069112741831e-05, "data_time": 0.005505990982055664, "loss": NaN, "decode.loss_corruption": NaN, "decode.loss_ce": 0.0, "time": 0.12135705947875977, "iter": 400, "memory": 3933, "step": 400}
{"base_lr": 1.797202334889931e-05, "lr": 1.797202334889931e-05, "data_time": 0.005583262443542481, "loss": NaN, "decode.loss_corruption": NaN, "decode.loss_ce": 0.0, "time": 0.12191939353942871, "iter": 450, "memory": 3933, "step": 450}
{"base_lr": 1.9973355570380306e-05, "lr": 1.9973355570380306e-05, "data_time": 0.005951595306396484, "loss": NaN, "decode.loss_corruption": NaN, "decode.loss_ce": 0.0, "time": 0.12499818801879883, "iter": 500, "memory": 3933, "step": 500}
{"base_lr": 2.1974687791861306e-05, "lr": 2.1974687791861306e-05, "data_time": 0.005361628532409668, "loss": NaN, "decode.loss_corruption": NaN, "decode.loss_ce": 0.0, "time": 0.1197495698928833, "iter": 550, "memory": 3933, "step": 550}
{"base_lr": 2.3976020013342307e-05, "lr": 2.3976020013342307e-05, "data_time": 0.0058353662490844725, "loss": NaN, "decode.loss_corruption": NaN, "decode.loss_ce": 0.0, "time": 0.11968550682067872, "iter": 600, "memory": 3933, "step": 600}
{"base_lr": 2.597735223482329e-05, "lr": 2.597735223482329e-05, "data_time": 0.005934071540832519, "loss": NaN, "decode.loss_corruption": NaN, "decode.loss_ce": 0.0, "time": 0.12082839012145996, "iter": 650, "memory": 3933, "step": 650}
{"base_lr": 2.797868445630428e-05, "lr": 2.797868445630428e-05, "data_time": 0.005696249008178711, "loss": NaN, "decode.loss_corruption": NaN, "decode.loss_ce": 0.0, "time": 0.12121341228485108, "iter": 700, "memory": 3933, "step": 700}
{"base_lr": 2.99800166777853e-05, "lr": 2.99800166777853e-05, "data_time": 0.006516551971435547, "loss": NaN, "decode.loss_corruption": NaN, "decode.loss_ce": 0.0, "time": 0.12232251167297363, "iter": 750, "memory": 3933, "step": 750}
{"base_lr": 3.1981348899266314e-05, "lr": 3.1981348899266314e-05, "data_time": 0.0056841373443603516, "loss": NaN, "decode.loss_corruption": NaN, "decode.loss_ce": 0.0, "time": 0.12180724143981933, "iter": 800, "memory": 3933, "step": 800}
{"base_lr": 3.398268112074729e-05, "lr": 3.398268112074729e-05, "data_time": 0.005536127090454102, "loss": NaN, "decode.loss_corruption": NaN, "decode.loss_ce": 0.0, "time": 0.11961722373962402, "iter": 850, "memory": 3933, "step": 850}
{"base_lr": 3.5984013342228235e-05, "lr": 3.5984013342228235e-05, "data_time": 0.005462217330932617, "loss": NaN, "decode.loss_corruption": NaN, "decode.loss_ce": 0.0, "time": 0.12031865119934082, "iter": 900, "memory": 3933, "step": 900}
{"base_lr": 3.7985345563709256e-05, "lr": 3.7985345563709256e-05, "data_time": 0.006138896942138672, "loss": NaN, "decode.loss_corruption": NaN, "decode.loss_ce": 0.0, "time": 0.12136220932006836, "iter": 950, "memory": 3933, "step": 950}
