{"base_lr": 1.6344713142094728e-06, "lr": 1.6344713142094728e-06, "data_time": 0.004637241363525391, "loss": 0.5496463507413865, "decode.loss_corruption": 0.14192184060811996, "decode.loss_ce": 0.4077245146036148, "time": 0.23542313575744628, "iter": 50, "memory": 12235, "step": 50}
