{"base_lr": 0.0001634471314209472, "lr": 0.0001634471314209472, "data_time": 0.004368114471435547, "loss": 0.03586019314825535, "decode.loss_corruption": 0.03586019314825535, "decode.loss_ce": 0.0, "time": 0.5589333057403565, "iter": 50, "memory": 5592, "step": 50}
{"base_lr": 0.0003302248165443629, "lr": 0.0003302248165443629, "data_time": 0.004601621627807617, "loss": 0.029573132283985615, "decode.loss_corruption": 0.028109661862254144, "decode.loss_ce": 0.001463470794260502, "time": 0.55477294921875, "iter": 100, "memory": 3933, "step": 100}
{"base_lr": 0.0004970025016677788, "lr": 0.0004970025016677788, "data_time": 0.004458785057067871, "loss": 0.033426360599696635, "decode.loss_corruption": 0.03299980293959379, "decode.loss_ce": 0.0004265578056219965, "time": 0.5538581609725952, "iter": 150, "memory": 3933, "step": 150}
{"base_lr": 0.0006637801867911945, "lr": 0.0006637801867911945, "data_time": 0.004559803009033203, "loss": 0.031308763287961484, "decode.loss_corruption": 0.030994595400989054, "decode.loss_ce": 0.000314167799660936, "time": 0.5532948970794678, "iter": 200, "memory": 3933, "step": 200}
{"base_lr": 0.00083055787191461, "lr": 0.00083055787191461, "data_time": 0.004452943801879883, "loss": 0.04279389623552561, "decode.loss_corruption": 0.03930437695235014, "decode.loss_ce": 0.0034895201097242534, "time": 0.5530978202819824, "iter": 250, "memory": 3933, "step": 250}
{"base_lr": 0.0009973355570380249, "lr": 0.0009973355570380249, "data_time": 0.00464787483215332, "loss": 0.0392860684543848, "decode.loss_corruption": 0.03883133791387081, "decode.loss_ce": 0.00045473041391232984, "time": 0.5539002895355225, "iter": 300, "memory": 3933, "step": 300}
{"base_lr": 0.001164113242161441, "lr": 0.001164113242161441, "data_time": 0.004577493667602539, "loss": 0.03944907672703266, "decode.loss_corruption": 0.03792376406490803, "decode.loss_ce": 0.0015253129065968096, "time": 0.5526292324066162, "iter": 350, "memory": 3933, "step": 350}
{"base_lr": 0.0013308909272848567, "lr": 0.0013308909272848567, "data_time": 0.004645538330078125, "loss": 0.031922400929033756, "decode.loss_corruption": 0.030852578394114972, "decode.loss_ce": 0.001069822342833504, "time": 0.5518411636352539, "iter": 400, "memory": 3933, "step": 400}
{"base_lr": 0.0014976686124082712, "lr": 0.0014976686124082712, "data_time": 0.004418134689331055, "loss": 0.036486801132559775, "decode.loss_corruption": 0.031711809895932676, "decode.loss_ce": 0.0047749910707352685, "time": 0.552151083946228, "iter": 450, "memory": 3933, "step": 450}
{"base_lr": 0.0016644462975316861, "lr": 0.0016644462975316861, "data_time": 0.004418849945068359, "loss": 0.03776156455278397, "decode.loss_corruption": 0.031144579965621234, "decode.loss_ce": 0.006616984494030476, "time": 0.5501463651657105, "iter": 500, "memory": 3933, "step": 500}
{"base_lr": 0.0018312239826551015, "lr": 0.0018312239826551015, "data_time": 0.004733729362487793, "loss": 0.0323241151869297, "decode.loss_corruption": 0.027818098850548267, "decode.loss_ce": 0.004506016336381436, "time": 0.5498665571212769, "iter": 550, "memory": 3933, "step": 550}
{"base_lr": 0.0019980016677785158, "lr": 0.0019980016677785158, "data_time": 0.004831862449645996, "loss": 0.04036331921815872, "decode.loss_corruption": 0.032576012425124645, "decode.loss_ce": 0.007787306327372789, "time": 0.5498381376266479, "iter": 600, "memory": 3933, "step": 600}
{"base_lr": 0.0021647793529019316, "lr": 0.0021647793529019316, "data_time": 0.00468134880065918, "loss": 0.04135516155511141, "decode.loss_corruption": 0.03321796804666519, "decode.loss_ce": 0.008137193709262646, "time": 0.5496420621871948, "iter": 650, "memory": 3933, "step": 650}
{"base_lr": 0.0023315570380253474, "lr": 0.0023315570380253474, "data_time": 0.004628729820251465, "loss": 0.03994922693818807, "decode.loss_corruption": 0.03227819763123989, "decode.loss_ce": 0.007671029456832912, "time": 0.5498478889465332, "iter": 700, "memory": 3933, "step": 700}
{"base_lr": 0.0024983347231487645, "lr": 0.0024983347231487645, "data_time": 0.0045474529266357425, "loss": 0.03243409730494022, "decode.loss_corruption": 0.024527860060334205, "decode.loss_ce": 0.007906237058341503, "time": 0.5502474784851075, "iter": 750, "memory": 3933, "step": 750}
{"base_lr": 0.0026651124082721794, "lr": 0.0026651124082721794, "data_time": 0.004758572578430176, "loss": 0.041030843555927274, "decode.loss_corruption": 0.028228834643959998, "decode.loss_ce": 0.012802008353173733, "time": 0.5496414184570313, "iter": 800, "memory": 3933, "step": 800}
{"base_lr": 0.0028318900933955956, "lr": 0.0028318900933955956, "data_time": 0.0047542333602905275, "loss": 0.042400437593460086, "decode.loss_corruption": 0.030601954273879527, "decode.loss_ce": 0.011798483040183782, "time": 0.5496574163436889, "iter": 850, "memory": 3933, "step": 850}
{"base_lr": 0.0029986677785190097, "lr": 0.0029986677785190097, "data_time": 0.004721498489379883, "loss": 0.04983458202332258, "decode.loss_corruption": 0.029761490318924187, "decode.loss_ce": 0.020073092030361294, "time": 0.5501025676727295, "iter": 900, "memory": 3933, "step": 900}
{"base_lr": 0.0031654454636424255, "lr": 0.0031654454636424255, "data_time": 0.004976153373718262, "loss": 0.039703496173024176, "decode.loss_corruption": 0.029582259058952332, "decode.loss_ce": 0.010121236834675074, "time": 0.550041913986206, "iter": 950, "memory": 3933, "step": 950}
{"base_lr": 0.0033322231487658443, "lr": 0.0033322231487658443, "data_time": 0.004647660255432129, "loss": 0.04399967584758997, "decode.loss_corruption": 0.026887103170156478, "decode.loss_ce": 0.017112572304904462, "time": 0.5504437685012817, "iter": 1000, "memory": 3933, "step": 1000}
{"base_lr": 0.00349900083388926, "lr": 0.00349900083388926, "data_time": 0.004667091369628906, "loss": 0.03417489137500525, "decode.loss_corruption": 0.02200452107936144, "decode.loss_ce": 0.01217036999296397, "time": 0.5500125646591186, "iter": 1050, "memory": 3933, "step": 1050}
{"base_lr": 0.0036657785190126794, "lr": 0.0036657785190126794, "data_time": 0.004686880111694336, "loss": 0.033054512459784746, "decode.loss_corruption": 0.02245365986600518, "decode.loss_ce": 0.010600852640345692, "time": 0.5505235910415649, "iter": 1100, "memory": 3933, "step": 1100}
{"base_lr": 0.0038325562041360943, "lr": 0.0038325562041360943, "data_time": 0.004712820053100586, "loss": 0.03947029765695333, "decode.loss_corruption": 0.027738380059599877, "decode.loss_ce": 0.011731917364522814, "time": 0.5498900175094604, "iter": 1150, "memory": 3933, "step": 1150}
{"base_lr": 0.003999333889259512, "lr": 0.003999333889259512, "data_time": 0.004727482795715332, "loss": 0.05055265389382839, "decode.loss_corruption": 0.024552841577678917, "decode.loss_ce": 0.02599981175735593, "time": 0.5515235185623169, "iter": 1200, "memory": 3933, "step": 1200}
{"base_lr": 0.004166111574382924, "lr": 0.004166111574382924, "data_time": 0.004926872253417969, "loss": 0.039105684868991374, "decode.loss_corruption": 0.02187205385416746, "decode.loss_ce": 0.017233631014823912, "time": 0.5506888151168823, "iter": 1250, "memory": 3933, "step": 1250}
{"base_lr": 0.0043328892595063395, "lr": 0.0043328892595063395, "data_time": 0.004635810852050781, "loss": 0.043605135008692744, "decode.loss_corruption": 0.02577422596514225, "decode.loss_ce": 0.01783090876415372, "time": 0.5497603416442871, "iter": 1300, "memory": 3933, "step": 1300}
{"base_lr": 0.004499666944629755, "lr": 0.004499666944629755, "data_time": 0.004673600196838379, "loss": 0.03949123658239841, "decode.loss_corruption": 0.022141823451966046, "decode.loss_ce": 0.017349413596093655, "time": 0.5515437126159668, "iter": 1350, "memory": 3933, "step": 1350}
{"base_lr": 0.004666444629753175, "lr": 0.004666444629753175, "data_time": 0.0048335552215576175, "loss": 0.038117389753460885, "decode.loss_corruption": 0.02362415362149477, "decode.loss_ce": 0.014493235386908054, "time": 0.5678265571594239, "iter": 1400, "memory": 3933,