{"base_lr": 1.60111577718479e-05, "lr": 1.60111577718479e-05, "data_time": 0.010797500610351562, "loss": 0.066183802485466, "decode.loss_corruption": 0.05550633780658245, "decode.loss_ce": 0.01067746509797871, "time": 0.6332623720169067, "iter": 49, "memory": 8511, "step": 49}
{"base_lr": 1.634471314209473e-05, "lr": 1.634471314209473e-05, "data_time": 0.011023783683776855, "loss": 0.06746175140142441, "decode.loss_corruption": 0.055361677333712576, "decode.loss_ce": 0.012100074300542473, "time": 0.6319666147232056, "iter": 50, "memory": 7871, "step": 50}
