{"base_lr": 1.9613655770513682e-06, "lr": 1.9613655770513682e-06, "data_time": 0.06727368831634521, "loss": 0.20808149874210358, "decode.loss_corruption": 0.10304675847291947, "decode.loss_ce": 0.1050347376614809, "time": 0.10373203754425049, "iter": 50, "memory": 9451, "step": 50}
{"base_lr": 3.962697798532355e-06, "lr": 3.962697798532355e-06, "data_time": 0.08209588527679443, "loss": 0.18022695183753967, "decode.loss_corruption": 0.08341152295470237, "decode.loss_ce": 0.09681542925536632, "time": 0.11901416778564453, "iter": 100, "memory": 1122, "step": 100}
{"base_lr": 5.964030020013346e-06, "lr": 5.964030020013346e-06, "data_time": 0.0842442274093628, "loss": 0.10461422502994537, "decode.loss_corruption": 0.06617507822811604, "decode.loss_ce": 0.03843914568424225, "time": 0.12077133655548096, "iter": 150, "memory": 1122, "step": 150}
